Date,CMG,DPZ,MCD,SBUX,TGT
2023-01-03,27.42259979248047,324.958251953125,246.61033630371094,93.75833892822266,136.7091522216797
2023-01-04,27.520999908447266,329.8622741699219,246.6663818359375,97.1337661743164,137.6011199951172
2023-01-05,27.283199310302734,324.53680419921875,244.58583068847656,97.10586547851562,138.98870849609375
2023-01-06,28.041200637817383,328.16693115234375,251.40579223632812,99.20735168457031,144.2956085205078
2023-01-09,28.934799194335938,319.7956237792969,249.3346710205078,97.39411163330078,140.8717803955078
2023-01-10,29.028600692749023,325.3988952636719,250.88339233398438,98.56575012207031,140.5294189453125
2023-01-11,29.584199905395508,335.09197998046875,250.7900848388672,98.84471893310547,143.23239135742188
2023-01-12,30.249399185180664,323.3778076171875,248.8121795654297,98.42626953125,143.93519592285156
2023-01-13,30.49139976501465,323.2054443359375,250.8646697998047,99.7094955444336,148.30508422851562
2023-01-17,31.030799865722656,329.67071533203125,255.73475646972656,99.2631607055664,146.0525665283203
2023-01-18,30.240800857543945,331.86407470703125,248.2057647705078,97.63587188720703,144.90829467773438
2023-01-19,30.082799911499023,334.1341247558594,245.91064453125,96.9477767944336,143.34954833984375
2023-01-20,31.10379981994629,333.3582763671875,250.57546997070312,97.67306518554688,146.15167236328125
2023-01-23,31.94700050354004,330.8775634765625,251.23788452148438,98.76103210449219,148.33212280273438
2023-01-24,31.90180015563965,325.0252380371094,251.48983764648438,99.16085815429688,147.3590087890625
2023-01-25,31.279600143432617,335.8486328125,254.69915771484375,99.4770278930664,147.9536590576172
2023-01-26,32.12580108642578,339.105224609375,256.30389404296875,101.1321792602539,150.49449157714844
2023-01-27,32.27560043334961,340.18756103515625,254.1953582763672,101.37393188476562,151.82798767089844
2023-01-30,32.197200775146484,333.7892761230469,252.73068237304688,100.79743957519531,151.9811553955078
2023-01-31,32.9276008605957,338.1090393066406,249.47459411621094,101.48551940917969,155.0986328125
2023-02-01,33.05120086669922,344.6126403808594,248.42031860351562,102.2759017944336,159.54959106445312
2023-02-02,33.793399810791016,345.2639465332031,245.5654754638672,101.49483489990234,163.0995330810547
2023-02-03,33.85940170288086,344.4497375488281,246.51708984375,96.9849853515625,159.26124572753906
2023-02-06,34.00559997558594,340.96337890625,249.95974731445312,97.65447998046875,156.63031005859375
2023-02-07,34.45719909667969,342.1319274902344,249.41859436035156,99.33755493164062,157.45921325683594
2023-02-08,32.748199462890625,338.67413330078125,245.20162963867188,98.84471893310547,154.78329467773438
2023-02-09,32.13819885253906,339.9959716796875,243.18643188476562,99.10637664794922,154.40484619140625
2023-02-10,31.677799224853516,339.1243896484375,244.8284454345703,100.07826232910156,153.18849182128906
2023-02-13,32.28620147705078,340.0724792480469,248.35504150390625,101.4146499633789,156.1618194580078
2023-02-14,32.89039993286133,332.9176940917969,248.73756408691406,100.91000366210938,155.19168090820312
2023-02-15,33.13079833984375,344.9095153808594,248.69090270996094,101.86322021484375,159.58895874023438
2023-02-16,32.424800872802734,341.7774658203125,248.00982666015625,100.49881744384766,158.24713134765625
2023-02-17,32.35340118408203,342.2851257324219,251.89100646972656,100.0876235961914,157.05032348632812
2023-02-21,31.38520050048828,335.45587158203125,250.54747009277344,97.91952514648438,150.70376586914062
2023-02-22,31.04759979248047,333.76055908203125,250.63145446777344,97.9101791381836,150.2504425048828
2023-02-23,30.449800491333008,294.8731994628906,248.8961639404297,96.73268127441406,150.05096435546875
2023-02-24,29.53459930419922,284.9214782714844,246.0039825439453,94.94774627685547,151.37466430664062
2023-02-27,29.895000457763672,283.1591491699219,247.0302276611328,95.73274230957031,151.2386932373047
2023-02-28,29.82159996032715,281.60748291015625,247.64013671875,95.4056625366211,152.7709197998047
2023-03-01,29.69540023803711,289.0018310546875,246.5235595703125,94.78886413574219,147.24032592773438
2023-03-02,29.905399322509766,292.4403991699219,251.07455444335938,96.26541137695312,150.44992065429688
2023-03-03,30.200000762939453,291.9039611816406,252.4820556640625,97.70458984375,150.50430297851562
2023-03-06,30.10260009765625,302.976318359375,253.9553680419922,98.11576843261719,149.77894592285156
2023-03-07,30.193599700927734,297.73712158203125,250.6616668701172,96.57380676269531,147.62115478515625
2023-03-08,30.66119956970215,298.9631042480469,248.9726104736328,95.788818359375,148.2467041015625
2023-03-09,31.02199935913086,296.0800476074219,245.50074768066406,93.73285675048828,145.64463806152344
2023-03-10,31.01420021057129,287.4980773925781,245.8760986328125,92.87308502197266,143.41427612304688
2023-03-13,31.326799392700195,289.8255310058594,246.861328125,92.5927505493164,143.1785430908203
2023-03-14,31.815200805664062,295.3262939453125,249.50747680664062,92.9478530883789,143.58656311035156
2023-03-15,31.817399978637695,300.6154479980469,249.92041015625,92.835693359375,144.27560424804688
2023-03-16,32.50279998779297,301.9040222167969,253.8895721435547,93.85433959960938,147.8296661376953
2023-03-17,32.17679977416992,298.7593994140625,250.7273712158203,92.23761749267578,144.484130859375
2023-03-20,32.2046012878418,305.0198059082031,254.04908752441406,93.31231689453125,148.001953125
2023-03-21,32.559200286865234,305.4621887207031,253.55177307128906,93.95714569091797,147.5214080810547
2023-03-22,32.44940185546875,300.3076171875,251.35604858398438,92.63011932373047,142.77056884765625
2023-03-23,32.65060043334961,303.3369140625,252.99813842773438,91.97594451904297,141.54656982421875
2023-03-24,32.48500061035156,299.56719970703125,254.60275268554688,91.90119171142578,141.63723754882812
2023-03-27,32.95640182495117,309.8666076660156,256.9579772949219,92.20023345947266,144.50225830078125
2023-03-28,33.05799865722656,311.7995300292969,258.8440246582031,92.25630187988281,144.8558349609375
2023-03-29,33.1343994140625,315.02105712890625,260.3360595703125,94.03191375732422,143.350830078125
2023-03-30,33.44340133666992,315.08837890625,260.66448974609375,94.6860580444336,145.3092041015625
2023-03-31,34.16579818725586,317.2232360839844,262.3722229003906,97.31207275390625,150.16885375976562
2023-04-03,34.35459899902344,319.77166748046875,264.7463073730469,97.98494720458984,150.55868530273438
2023-04-04,34.696800231933594,316.3577880859375,264.8777160644531,97.19058990478516,150.5496368408203
2023-04-05,33.94839859008789,315.7904357910156,264.6336669921875,98.03167724609375,149.81527709960938
2023-04-06,33.704200744628906,317.9060363769531,265.4500427246094,97.82608032226562,150.12350463867188
2023-04-10,33.831199645996094,317.0694274902344,266.2851867675781,97.88214111328125,153.22425842285156
2023-04-11,34.28120040893555,319.6947326660156,266.9420471191406,98.81666564941406,153.75013732910156
2023-04-12,33.915401458740234,313.9248046875,267.71148681640625,98.68584442138672,148.2467041015625
2023-04-13,34.3577995300293,319.8486328125,271.2491149902344,99.98482513427734,148.0291290283203
2023-04-14,34.76599884033203,317.7137451171875,271.1646423339844,100.43340301513672,145.97103881835938
2023-04-17,35.5,317.25213623046875,271.4742431640625,101.21839904785156,147.51234436035156
2023-04-18,35.56919860839844,314.1748352050781,272.9756164550781,100.84459686279297,147.24032592773438
2023-04-19,36.099998474121094,313.1746520996094,273.31341552734375,100.14369201660156,147.34010314941406
2023-04-20,35.96799850463867,310.5205078125,273.06011962890625,100.04090118408203,145.31822204589844
2023-04-21,36.0,317.848388671875,274.05474853515625,101.10626220703125,147.04087829589844
2023-04-24,35.93939971923828,317.60791015625,275.1244812011719,102.13423919677734,148.63661193847656
2023-04-25,35.599998474121094,316.99249267578125,273.5386962890625,102.18095397949219,142.8975067138672
2023-04-26,40.196998596191406,326.0321044921875,271.8965759277344,104.1715087890625,140.93911743164062
2023-04-27,40.72520065307617,304.98138427734375,276.55078125,105.36769104003906,143.3870849609375
2023-04-28,41.35240173339844,305.2987060546875,277.5172424316406,106.80685424804688,143.02439880371094
2023-05-01,40.78559875488281,299.3171691894531,279.23443603515625,107.05918884277344,142.4532470703125
2023-05-02,41.079200744628906,299.64410400390625,279.6942138671875,106.96574401855469,141.1839141845703
2023-05-03,41.16239929199219,302.78875732421875,277.01995849609375,97.1532211303711,140.14126586914062
2023-05-04,40.67020034790039,299.4709777832031,276.963623046875,97.86345672607422,138.29168701171875
2023-05-05,40.56420135498047,299.1825256347656,278.31488037109375,100.19042205810547,141.70977783203125
2023-05-08,40.65679931640625,297.09576416015625,278.3992614746094,100.15304565429688,141.89108276367188
2023-05-09,40.6531982421875,296.80718994140625,278.3711853027344,99.72315979003906,142.72523498535156
2023-05-10,41.0968017578125,295.1242980957031,278.2867126464844,99.96613311767578,143.0062713623047
2023-05-11,41.16999816894531,295.1628112792969,276.61651611328125,99.20539093017578,144.03982543945312
2023-05-12,40.912601470947266,295.787841796875,277.8832092285156,99.66560363769531,143.2420196533203
2023-05-15,40.94240188598633,296.04754638671875,277.6579895019531,100.15397644042969,145.58119201660156
2023-05-16,41.004398345947266,290.2774963378906,276.0158996582031,98.87669372558594,143.2261505126953
2023-05-17,41.24020004272461,293.3548583984375,275.3684387207031,99.26174926757812,146.9229736328125
2023-05-18,41.91740036010742,299.4229736328125,275.92205810546875,100.57660675048828,140.73423767089844
2023-05-19,42.1244010925293,300.48077392578125,277.3295593261719,99.09271240234375,138.99996948242188
2023-05-22,42.03879928588867,297.0668640136719,271.5118103027344,96.64143371582031,138.66221618652344
2023-05-23,40.94020080566406,292.6239929199219,268.71551513671875,94.23714447021484,134.3264617919922
2023-05-24,41.0614013671875,295.0377197265625,268.2932434082031,93.55155944824219,130.62049865722656
2023-05-25,41.15800094604492,292.825927734375,267.91790771484375,92.45272064208984,128.47544860839844
2023-05-26,41.4203987121582,288.33489990234375,268.4058837890625,92.53723907470703,126.81414031982422
2023-05-30,41.42559814453125,280.21856689453125,267.3549499511719,91.80467224121094,122.1680679321289
2023-05-31,41.52980041503906,278.73760986328125,267.5331726074219,91.70138549804688,119.5118408203125
2023-06-01,41.64659881591797,285.296142578125,270.1230163574219,91.58865356445312,119.72179412841797
2023-06-02,41.244598388671875,291.566162109375,273.48126220703125,93.4482421875,121.60212707519531
2023-06-05,41.48759841918945,286.4116516113281,272.08514404296875,93.85208892822266,119.21061706542969
2023-06-06,41.16239929199219,286.32513427734375,268.4156188964844,92.24610137939453,121.12747955322266
2023-06-07,40.45800018310547,286.1519775390625,265.9252014160156,91.9643325805664,120.26032257080078
2023-06-08,40.464599609375,288.4023132324219,269.5853576660156,93.11952209472656,119.82218933105469
2023-06-09,40.81100082397461,286.6424560546875,270.5381164550781,92.00190734863281,115.9154281616211
2023-06-12,41.273399353027344,290.28717041015625,272.21728515625,92.47149658203125,115.44992065429688
2023-06-13,41.31460189819336,290.3160400390625,272.1983642578125,93.22283935546875,117.49458312988281
2023-06-14,41.2234001159668,295.1822814941406,272.0946350097656,94.5376968383789,121.61124420166016
2023-06-15,41.033199310302734,314.2417907714844,276.0282897949219,95.21388244628906,125.81922912597656
2023-06-16,40.65840148925781,319.98675537109375,277.0565185546875,95.67410278320312,122.14065551757812
2023-06-20,40.99599838256836,314.3191223144531,276.4339599609375,95.11058044433594,121.1457290649414
2023-06-21,41.489601135253906,311.9728088378906,277.830078125,95.67410278320312,121.60212707519531
2023-06-22,41.010398864746094,309.9742126464844,276.67919921875,94.71612548828125,120.8445053100586
2023-06-23,40.873600006103516,305.89959716796875,273.48126220703125,92.3587875366211,120.33336639404297
2023-06-26,40.64619827270508,308.2362060546875,272.707763671875,92.25547790527344,122.7705078125
2023-06-27,41.334598541259766,313.7301330566406,274.79254150390625,92.71566772460938,120.95404815673828
2023-06-28,42.02980041503906,314.2998046875,275.20758056640625,92.61235809326172,120.91755676269531
2023-06-29,42.21200180053711,319.3302001953125,277.78289794921875,92.67810821533203,121.31916046142578
2023-06-30,42.779998779296875,325.37445068359375,281.4996337890625,93.03499603271484,120.3972396850586
2023-07-03,42.47079849243164,325.0557861328125,278.13189697265625,93.11952209472656,123.09912109375
2023-07-05,42.41419982910156,323.4143981933594,280.0751647949219,92.47149658203125,120.99057006835938
2023-07-06,41.867401123046875,322.400634765625,278.2073669433594,90.34893798828125,119.42967987060547
2023-07-07,41.549198150634766,329.9027404785156,275.5472412109375,90.20807647705078,118.70858001708984
2023-07-10,41.86180114746094,335.4352722167969,277.8017272949219,93.10073852539062,120.2511978149414
2023-07-11,41.06560134887695,337.7332458496094,278.03759765625,94.0023422241211,121.7573013305664
2023-07-12,41.52000045776367,375.19580078125,278.85833740234375,94.98849487304688,121.31916046142578
2023-07-13,40.97719955444336,373.5351257324219,278.49041748046875,95.42051696777344,121.23703002929688
2023-07-14,41.119598388671875,371.4013366699219,278.2262878417969,95.42990112304688,119.50271606445312
2023-07-17,42.550201416015625,376.3061828613281,277.9809875488281,94.79126739501953,118.67207336425781
2023-07-18,43.06399917602539,378.768310546875,277.169677734375,94.631591796875,119.40231323242188
2023-07-19,42.78260040283203,378.80694580078125,277.462158203125,95.63652801513672,121.12747955322266
2023-07-20,41.89419937133789,374.4620666503906,280.29217529296875,94.74430847167969,122.89828491210938
2023-07-21,41.97740173339844,372.1544189453125,278.85833740234375,96.56631469726562,122.38713836669922
2023-07-24,41.6598014831543,372.5985412597656,278.5752868652344,96.52874755859375,123.60115051269531
2023-07-25,41.8468017578125,383.3642578125,275.79248046875,96.66022491455078,121.94901275634766
2023-07-26,41.757198333740234,387.5257263183594,275.2170715332031,95.54261779785156,122.74313354492188
2023-07-27,37.65959930419922,388.7036437988281,278.46209716796875,94.65038299560547,122.7705078125
2023-07-28,38.25040054321289,387.062255859375,277.3678283691406,95.091796875,123.2269058227539
2023-07-31,39.245601654052734,383.0649719238281,276.5848693847656,95.39234924316406,124.56871032714844
2023-08-01,39.099998474121094,385.8746337890625,274.5755920410156,95.1011962890625,121.39220428466797
2023-08-02,38.73720169067383,384.5711669921875,273.20770263671875,95.91828155517578,121.89423370361328
2023-08-03,38.45840072631836,387.5257263183594,274.5283508300781,96.10611724853516,121.15486907958984
2023-08-04,37.812198638916016,381.7324523925781,270.7550964355469,94.55647277832031,120.97232818603516
2023-08-07,37.79999923706055,384.9477233886719,274.8868713378906,95.55198669433594,120.43376922607422
2023-08-08,37.22700119018555,384.2911376953125,273.16998291015625,94.57525634765625,119.55747985839844
2023-08-09,37.01139831542969,382.5628662109375,271.89654541015625,93.84268951416016,119.21061706542969
2023-08-10,36.91419982910156,384.6676940917969,271.30218505859375,95.98599243164062,119.50271606445312
2023-08-11,36.930999755859375,380.5835266113281,272.2643737792969,95.35338592529297,119.62138366699219
2023-08-14,37.0015983581543,383.8856201171875,272.4436340332031,95.37227630615234,118.1335220336914
2023-08-15,36.963199615478516,380.24560546875,271.9625549316406,94.45641326904297,115.12311553955078
2023-08-16,37.337799072265625,375.6979675292969,269.22686767578125,93.45558166503906,118.52938842773438
2023-08-17,36.97079849243164,369.1226501464844,265.8874816894531,91.1800765991211,119.78143310546875
2023-08-18,36.98400115966797,365.772216796875,265.7742919921875,91.80325317382812,120.79410552978516
2023-08-21,37.322601318359375,366.7861328125,264.170654296875,91.07621765136719,117.64559936523438
2023-08-22,37.440799713134766,366.631591796875,264.42535400390625,90.70799255371094,115.02184295654297
2023-08-23,37.89820098876953,369.4316711425781,265.8968811035156,89.86766052246094,113.42916870117188
2023-08-24,37.4463996887207,365.80126953125,266.3497314453125,89.53720092773438,114.2485122680664
2023-08-25,37.53559875488281,367.5970764160156,268.453369140625,90.15092468261719,112.12189483642578
2023-08-28,37.98540115356445,374.8675537109375,267.6043395996094,91.62386322021484,113.63169860839844
2023-08-29,38.06159973144531,372.8592529296875,267.5194396972656,93.61609649658203,116.1449966430664
2023-08-30,38.771400451660156,380.6028137207031,268.132568359375,93.70105743408203,116.87228393554688
2023-08-31,38.532798767089844,374.0469055175781,266.6435852050781,92.00152587890625,116.50403594970703
2023-09-01,38.77220153808594,377.657958984375,266.4444274902344,92.53026580810547,115.55579376220703
2023-09-05,39.02980041503906,376.4510803222656,264.75628662109375,91.43500518798828,115.25199127197266
2023-09-06,39.082401275634766,371.1888732910156,261.228271484375,90.59469604492188,113.88947296142578
2023-09-07,39.33679962158203,375.9295959472656,263.9691467285156,89.79212188720703,114.57994079589844
2023-09-08,38.902000427246094,374.0179138183594,264.8132019042969,89.96207427978516,113.8710708618164
2023-09-11,38.97700119018555,381.28839111328125,265.3253479003906,90.3302993774414,112.9320297241211
2023-09-12,38.66019821166992,380.0234680175781,266.226318359375,90.86849975585938,112.68347930908203
2023-09-13,38.66080093383789,382.7945556640625,267.2315979003906,91.51998901367188,113.17139434814453
2023-09-14,38.7224006652832,386.49420166015625,270.0673522949219,91.73716735839844,114.8653335571289
2023-09-15,38.25,376.2380065917969,263.87432861328125,90.85906219482422,113.28187561035156
2023-09-18,38.7672004699707,372.1993408203125,263.3905944824219,91.35948181152344,109.86637115478516
2023-09-19,38.49340057373047,370.7659606933594,263.77947998046875,89.97152709960938,110.63048553466797
2023-09-20,38.40959930419922,372.712646484375,262.89739990234375,89.8487777709961,110.85143280029297
2023-09-21,37.3202018737793,366.1365966796875,257.2259826660156,87.90376281738281,108.0067367553711
2023-09-22,37.511600494384766,369.33258056640625,258.1744079589844,88.45138549804688,103.66142272949219
2023-09-25,37.19380187988281,371.03717041015625,255.86029052734375,87.56385803222656,103.34840393066406
2023-09-26,36.95240020751953,367.26971435546875,253.90655517578125,86.86515808105469,100.78911590576172
2023-09-27,36.12160110473633,368.228515625,250.03709411621094,86.08148193359375,101.0284652709961
2023-09-28,36.774600982666016,370.2623596191406,251.88650512695312,85.99649810791016,100.86275482177734
2023-09-29,36.636600494384766,366.8533020019531,249.84739685058594,86.17588806152344,101.79257202148438
2023-10-02,37.34260177612305,368.5481262207031,244.45098876953125,86.04370880126953,98.22058868408203
2023-10-03,36.74380111694336,352.70367431640625,241.35919189453125,84.48580932617188,98.65327453613281
2023-10-04,37.1598014831543,359.3087463378906,242.611083984375,86.0625991821289,98.1561508178711
2023-10-05,37.23160171508789,351.78363037109375,239.21578979492188,87.21450805664062,96.8028335571289
2023-10-06,36.44540023803711,330.7965087890625,235.41268920898438,87.66770935058594,96.67395782470703
2023-10-09,36.66019821166992,339.10614013671875,237.02496337890625,87.50719451904297,97.36441802978516
2023-10-10,36.642398834228516,344.39410400390625,238.54244995117188,87.97930145263672,100.92718505859375
2023-10-11,36.469600677490234,342.8929138183594,237.973388671875,86.81794738769531,100.33800506591797
2023-10-12,35.873600006103516,339.13519287109375,233.48745727539062,86.31752014160156,102.00432586669922
2023-10-13,35.629600524902344,335.88104248046875,235.498046875,86.37417602539062,103.09066009521484
2023-10-16,36.20899963378906,340.5975646972656,237.04393005371094,88.42305755615234,102.5474853515625
2023-10-17,36.5901985168457,339.445068359375,238.1820526123047,88.92347717285156,103.62460327148438
2023-10-18,36.81460189819336,334.24432373046875,242.8197479248047,88.5174789428711,101.46115112304688
2023-10-19,36.952598571777344,333.4598388671875,245.04847717285156,89.15008544921875,99.75801086425781
2023-10-20,36.625,336.7333068847656,244.79238891601562,88.93292236328125,100.19070434570312
2023-10-23,36.3931999206543,337.3240661621094,241.60577392578125,88.94236755371094,98.89263916015625
2023-10-24,37.10179901123047,342.44744873046875,243.99574279785156,89.33892822265625,100.0526123046875
2023-10-25,36.837398529052734,338.8833923339844,244.7165069580078,88.75352478027344,101.5992431640625
2023-10-26,36.129398345947266,335.0384826660156,242.6300506591797,87.49775695800781,102.06876373291016
2023-10-27,37.751800537109375,329.86676025390625,242.5636444091797,86.884033203125,98.71772003173828
2023-10-30,38.18600082397461,328.03631591796875,246.72715759277344,87.95096588134766,100.04339599609375
2023-10-31,38.84400177001953,328.3074645996094,248.6429443359375,87.09174346923828,101.9951171875
2023-11-01,39.7327995300293,333.2855224609375,248.45326232910156,86.25142669677734,100.84432983398438
2023-11-02,40.707401275634766,337.40155029296875,253.0814666748047,94.42808532714844,102.25286865234375
2023-11-03,40.81060028076172,350.5342712402344,254.04881286621094,96.92073059082031,103.89158630371094
2023-11-06,41.38100051879883,356.6454772949219,255.03515625,98.22371673583984,102.23446655273438
2023-11-07,41.29560089111328,359.9867248535156,254.8075714111328,97.89325714111328,102.51065826416016
2023-11-08,41.68000030517578,360.1223449707031,253.68841552734375,98.47865295410156,101.1297378540039
2023-11-09,41.902198791503906,358.0400390625,253.1383819580078,97.05458068847656,98.3126449584961
2023-11-10,42.411598205566406,366.5821533203125,253.9729461669922,99.04828643798828,99.73038482666016
2023-11-13,43.00859832763672,362.746826171875,255.31021118164062,98.26979064941406,98.78216552734375
2023-11-14,43.32040023803711,370.35919189453125,257.4820251464844,100.25397491455078,103.05155944824219
2023-11-15,43.1161994934082,369.4100646972656,256.4388122558594,100.66221618652344,121.34765625
2023-11-16,43.46200180053711,362.930908203125,261.8731689453125,101.78247833251953,120.86398315429688
2023-11-17,43.24440002441406,360.68402099609375,261.5222473144531,100.22550201416016,120.81746673583984
2023-11-20,43.73379898071289,356.88751220703125,264.63299560546875,99.01979064941406,120.59423065185547
2023-11-21,43.95280075073242,357.6719970703125,265.9986877441406,98.440673828125,121.66389465332031
2023-11-22,44.37860107421875,357.8463439941406,267.3833923339844,98.20333862304688,121.3848648071289
2023-11-24,44.39339828491211,358.6501770019531,267.9619445800781,97.57673645019531,122.27780151367188
2023-11-27,44.183799743652344,374.87237548828125,267.2980041503906,97.1780014038086,122.15689849853516
2023-11-28,44.133399963378906,376.03448486328125,267.5351257324219,96.0577392578125,122.47312927246094
2023-11-29,43.78219985961914,376.60595703125,265.91339111328125,94.7950668334961,122.1475830078125
2023-11-30,44.04499816894531,380.50897216796875,268.8996276855469,94.2729263305664,124.4636459350586
2023-12-01,44.67660140991211,384.6637268066406,272.8304443359375,94.177978515625,125.36591339111328
2023-12-04,44.38399887084961,387.2205810546875,272.9926452636719,92.65897369384766,124.37065124511719
2023-12-05,44.525001525878906,381.6324157714844,273.3838195800781,90.70326232910156,123.59861755371094
2023-12-06,44.20100021362305,380.1700134277344,273.68914794921875,92.10833740234375,124.06371307373047
2023-12-07,44.525001525878906,389.33184814453125,273.6224060058594,91.5577163696289,125.74728393554688
2023-12-08,44.85900115966797,382.45562744140625,272.4201965332031,91.7190933227539,125.74728393554688
2023-12-11,45.90959930419922,384.954345703125,275.8739929199219,93.15266418457031,127.20760345458984
2023-12-12,46.407798767089844,384.305419921875,278.039794921875,93.18114471435547,126.18445587158203
2023-12-13,46.79999923706055,390.10662841796875,282.3426818847656,93.14315795898438,128.71446228027344
2023-12-14,45.513999938964844,391.3306579589844,276.70404052734375,92.88682556152344,131.28167724609375
2023-12-15,45.42940139770508,388.6106872558594,274.080322265625,91.85200500488281,128.7051544189453
2023-12-18,45.94060134887695,391.5152282714844,276.9044189453125,91.671630859375,128.10057067871094
2023-12-19,46.54059982299805,394.9248046875,277.3815002441406,92.77291107177734,129.83062744140625
2023-12-20,46.277400970458984,391.7192077636719,275.7213439941406,89.91529083251953,127.33784484863281
2023-12-21,46.141998291015625,397.11041259765625,278.01116943359375,90.50390625,129.6352996826172
2023-12-22,46.08700180053711,398.1207275390625,278.3069152832031,90.45642852783203,130.4073486328125
2023-12-26,46.39039993286133,399.5779113769531,279.4136657714844,90.82667541503906,131.1793670654297
2023-12-27,46.148799896240234,402.0160827636719,281.0260314941406,90.4659194946289,132.43507385253906
2023-12-28,45.56760025024414,399.4515686035156,282.2568054199219,91.07353210449219,132.58387756347656
2023-12-29,45.739200592041016,400.4423828125,282.8960876464844,91.14947509765625,132.47227478027344
2024-01-02,44.89500045776367,401.3263854980469,283.4017333984375,88.92794036865234,133.1047821044922
2024-01-03,44.67300033569336,389.0089416503906,280.8734130859375,88.51022338867188,128.9842071533203
2024-01-04,44.409400939941406,389.7958068847656,278.3450927734375,88.81401824951172,130.45384216308594
2024-01-05,44.25600051879883,388.5912780761719,275.7213439941406,88.28236389160156,130.91891479492188
2024-01-08,44.72779846191406,391.1752014160156,278.4977111816406,89.42160034179688,131.8304443359375
2024-01-09,44.63999938964844,398.4122009277344,277.51507568359375,88.3772964477539,133.7279815673828
2024-01-10,44.900001525878906,402.2880859375,280.587158203125,88.76654815673828,134.02561950683594
2024-01-11,45.53139877319336,400.0246887207031,280.6444091796875,88.23490905761719,132.10023498535156
2024-01-12,45.4379997253418,399.53900146484375,279.9956359863281,87.32350158691406,131.0677490234375
2024-01-16,45.799400329589844,413.7603759765625,277.72491455078125,88.00703430175781,131.21656799316406
2024-01-17,46.20880126953125,410.32159423828125,277.7917175292969,87.1241226196289,129.04931640625
2024-01-18,46.45640182495117,413.7506103515625,280.84478759765625,88.61463928222656,127.80292510986328
2024-01-19,46.69200134277344,414.566650390625,286.73150634765625,89.10833740234375,128.49122619628906
2024-01-22,46.5,415.7712097167969,284.7088623046875,88.35830688476562,130.55616760253906
2024-01-23,46.4364013671875,413.53692626953125,286.2735290527344,87.31399536132812,131.0398406982422
2024-01-24,46.69599914550781,409.7096252441406,286.6456298828125,87.38045501708984,129.47718811035156
2024-01-25,46.23540115356445,406.1251220703125,283.5639343261719,87.92160034179688,132.24903869628906
2024-01-26,46.525001525878906,407.1354064941406,278.8412170410156,88.10198211669922,132.5745849609375
2024-01-29,48.090599060058594,421.0458984375,278.888916015625,89.05136108398438,131.63514709472656
2024-01-30,48.38560104370117,422.3087158203125,281.1214599609375,89.31718444824219,130.70498657226562
2024-01-31,48.17539978027344,414.0323791503906,279.2800598144531,88.32035064697266,129.36558532714844
2024-02-01,48.84040069580078,421.13336181640625,284.39398193359375,88.64313507080078,134.3325653076172
2024-02-02,49.645599365234375,409.99127197265625,283.4112854003906,88.28236389160156,135.32785034179688
2024-02-05,49.41699981689453,406.09600830078125,272.8400573730469,87.82667541503906,132.38856506347656
2024-02-06,49.754798889160156,409.5249938964844,271.5805969238281,90.82667541503906,134.3418731689453
2024-02-07,53.33980178833008,409.88446044921875,274.1375427246094,90.48491668701172,136.481201171875
2024-02-08,52.40959930419922,414.38201904296875,278.5263977050781,92.25182342529297,137.1044158935547
2024-02-09,52.766998291015625,412.9346923828125,276.1793212890625,92.92993927001953,136.29518127441406
2024-02-12,52.16460037231445,415.07177734375,276.15069580078125,91.18212890625,138.96475219726562
2024-02-13,51.9827995300293,409.4473571777344,273.9276123046875,89.65398406982422,135.90452575683594
2024-02-14,52.40380096435547,412.3421630859375,274.93902587890625,89.84500122070312,134.89996337890625
2024-02-15,52.36000061035156,412.57525634765625,278.4595642089844,89.0331802368164,136.1091766357422
2024-02-16,51.96860122680664,409.78729248046875,278.61224365234375,89.0331802368164,139.1600799560547
2024-02-20,51.604000091552734,405.2217102050781,279.2132873535156,89.26239776611328,140.45318603515625
2024-02-21,51.38959884643555,408.7284851074219,280.41546630859375,90.75232696533203,139.42242431640625
2024-02-22,52.547401428222656,415.7712097167969,282.33319091796875,91.47820281982422,140.8748779296875
2024-02-23,52.93439865112305,421.2499084472656,284.07916259765625,91.32538604736328,141.9430694580078
2024-02-26,53.20899963378906,445.87506103515625,283.47802734375,90.04557037353516,140.69680786132812
2024-02-27,52.90480041503906,433.509033203125,280.2723388671875,89.90231323242188,142.4209747314453
2024-02-28,53.43439865112305,433.606201171875,281.6366882324219,88.82307434082031,141.90560913085938
2024-02-29,53.77539825439453,435.529541015625,280.4468688964844,90.63772583007812,143.29241943359375
2024-03-01,53.77560043334961,434.4415588378906,278.9596252441406,88.97588348388672,145.51321411132812
2024-03-04,54.40599822998047,437.1227111816406,279.1611328125,88.30731201171875,141.01541137695312
2024-03-05,54.226600646972656,436.734130859375,280.69635009765625,87.12300872802734,157.9665069580078
2024-03-06,53.802799224853516,434.4512634277344,281.070556640625,87.53369903564453,162.61422729492188
2024-03-07,53.80440139770508,434.5775451660156,279.3242492675781,86.86512756347656,160.74012756347656
2024-03-08,53.7224006652832,432.28509521484375,280.7059631347656,86.97019958496094,159.03472900390625
2024-03-11,53.251800537109375,431.2067565917969,282.8840637207031,87.93482971191406,157.4886016845703
2024-03-12,54.396400451660156,439.63861083984375,282.3947448730469,88.25,157.0200958251953
2024-03-13,54.453800201416016,439.5414733886719,271.40826416015625,87.49549102783203,156.17674255371094
2024-03-14,54.970401763916016,432.41668701171875,270.32403564453125,87.54325103759766,153.96531677246094
2024-03-15,55.12779998779297,430.03851318359375,267.8388671875,86.07241821289062,153.88101196289062
2024-03-18,55.47060012817383,431.5687561035156,267.3015441894531,86.92244720458984,157.038818359375
2024-03-19,55.95119857788086,433.6252746582031,271.4178771972656,87.47638702392578,157.6197967529297
2024-03-20,57.900001525878906,440.2724304199219,272.9339294433594,88.44102478027344,159.72816467285156
2024-03-21,58.09960174560547,444.3172607421875,272.0511474609375,87.54325103759766,159.45639038085938
2024-03-22,57.64080047607422,446.80267333984375,271.18756103515625,86.63591766357422,158.01333618164062
2024-03-25,58.06880187988281,453.3231201171875,267.33990478515625,86.59769439697266,161.7896270751953
2024-03-26,59.110599517822266,470.7597351074219,267.33990478515625,86.30162811279297,161.77090454101562
2024-03-27,58.469200134277344,479.65838623046875,270.6022033691406,87.39044189453125,163.67311096191406
2024-03-28,58.135398864746094,484.2879943847656,270.5351257324219,87.28536987304688,166.0531768798828
2024-04-01,57.540000915527344,481.40301513671875,268.8751220703125,87.41907501220703,166.62477111816406
2024-04-02,58.03879928588867,484.65838623046875,266.49554443359375,85.28923797607422,165.14427185058594
2024-04-03,57.911598205566406,493.0404357910156,264.3846435546875,84.71619415283203,164.4414520263672
2024-04-04,57.120601654052734,470.623291015625,259.1552734375,83.68470001220703,161.37733459472656
2024-04-05,58.1083984375,480.70123291015625,255.89291381835938,82.94927978515625,160.95565795898438
2024-04-08,58.63059997558594,489.2587890625,256.7276916503906,83.27400970458984,159.01597595214844
2024-04-09,58.53919982910156,485.8182678222656,258.53155517578125,83.21669006347656,160.82447814941406
2024-04-10,59.31380081176758,493.9858093261719,257.7927551269531,82.08969116210938,160.81509399414062
2024-04-11,59.81380081176758,491.734375,257.7447814941406,82.04194641113281,160.5433807373047
2024-04-12,59.152000427246094,482.7577819824219,256.5646057128906,81.10595703125,155.66136169433594
2024-04-15,58.732601165771484,475.6525573730469,255.45156860351562,81.3447265625,154.6212615966797
2024-04-16,58.84659957885742,474.3172607421875,254.6839599609375,81.58350372314453,153.0376739501953
2024-04-17,58.059200286865234,469.83380126953125,259.0209655761719,82.33802032470703,154.115234375
2024-04-18,58.159400939941406,469.4537353515625,260.0091857910156,83.23580932617188,156.0924072265625
2024-04-19,57.382198333740234,461.54925537109375,260.9783020019531,83.67515563964844,157.70413208007812
2024-04-22,57.685001373291016,459.3367919921875,264.4229736328125,84.21954345703125,156.5890350341797
2024-04-23,58.29999923706055,468.9664001464844,265.67034912109375,83.92346954345703,156.02682495117188
2024-04-24,58.53519821166992,475.350341796875,265.545654296875,84.7639389038086,154.93048095703125
2024-04-25,62.23939895629883,482.2314758300781,264.44219970703125,83.89482116699219,154.08714294433594
2024-04-26,63.73939895629883,486.4225158691406,262.0337829589844,84.2863998413086,154.36825561523438
2024-04-29,64.18939971923828,513.7713623046875,262.47515869140625,84.36282348632812,153.42184448242188
2024-04-30,63.19200134277344,515.857177734375,261.9858093261719,84.51561737060547,150.84498596191406
2024-05-01,62.77320098876953,503.332763671875,263.3195495605469,71.09664916992188,146.58145141601562
2024-05-02,62.83980178833008,499.70709228515625,262.21612548828125,71.56465148925781,148.1650390625
2024-05-03,63.107601165771484,501.2957763671875,259.3759765625,69.82637786865234,148.090087890625
2024-05-06,63.981998443603516,509.14178466796875,258.39727783203125,69.62582397460938,148.38058471679688
2024-05-07,63.873600006103516,504.1222839355469,256.67010498046875,69.24378967285156,150.3108673095703
2024-05-08,63.665000915527344,503.5764465332031,257.6200256347656,70.19886779785156,149.54249572753906
2024-05-09,64.6594009399414,504.15155029296875,257.1018981933594,72.28095245361328,153.9746856689453
2024-05-10,64.78459930419922,505.5063171386719,263.866455078125,72.691650390625,152.85963439941406
2024-05-13,63.90800094604492,497.3094482421875,260.3354797363281,72.75849914550781,150.77000427246094
2024-05-14,63.53340148925781,497.76751708984375,259.7021789550781,72.23320007324219,149.97747802734375
2024-05-15,63.36600112915039,504.560791015625,262.7822265625,72.30006408691406,148.60940551757812
2024-05-16,62.917598724365234,500.2918701171875,262.4367980957031,72.44441986083984,151.5719757080078
2024-05-17,64.26860046386719,500.02874755859375,261.3525390625,74.91761016845703,151.08135986328125
2024-05-20,63.527801513671875,503.0014953613281,257.025146484375,74.6192855834961,147.85462951660156
2024-05-21,63.45600128173828,500.70123291015625,255.1061248779297,74.7925033569336,146.9771728515625
2024-05-22,63.06760025024414,498.94683837890625,255.0101318359375,77.67950439453125,135.17410278320312
2024-05-23,62.76559829711914,489.4049377441406,247.48753356933594,75.36027526855469,136.2496795654297
2024-05-24,63.03260040283203,489.4342041015625,247.66026306152344,75.8991928100586,137.02334594726562
2024-05-28,63.07680130004883,496.1788024902344,243.27528381347656,74.5615463256836,138.7876739501953
2024-05-29,61.457000732421875,497.0852355957031,239.27410888671875,73.98414611816406,139.39151000976562
2024-05-30,62.116798400878906,496.19830322265625,241.86480712890625,75.79332733154297,141.40113830566406
2024-05-31,62.59040069580078,495.69146728515625,248.4087371826172,77.1983413696289,147.33570861816406
2024-06-03,61.52939987182617,509.72650146484375,250.85203552246094,78.98828125,144.38258361816406
2024-06-04,61.5807991027832,507.7772216796875,253.72027587890625,79.6715316772461,142.04270935058594
2024-06-05,62.959598541259766,503.99554443359375,251.08377075195312,78.1029281616211,139.0235595703125
2024-06-06,64.23320007324219,500.6720275878906,251.7887725830078,78.40126037597656,136.92898559570312
2024-06-07,63.380401611328125,500.5354919433594,247.43328857421875,78.36275482177734,137.74981689453125
2024-06-10,62.597599029541016,513.2060546875,245.11549377441406,78.52635192871094,140.12742614746094
2024-06-11,62.604000091552734,514.5706176757812,245.5694122314453,76.88076782226562,137.92909240722656
2024-06-12,63.415199279785156,517.9331665039062,245.76255798339844,76.38997650146484,138.4857635498047
2024-06-13,65.3051986694336,515.350341796875,245.00927734375,77.21757507324219,136.50440979003906
2024-06-14,65.43419647216797,509.6517639160156,244.8933868408203,76.64981842041016,133.18331909179688
2024-06-17,67.30919647216797,520.1593627929688,244.8257598876953,78.26652526855469,136.7780303955078
2024-06-18,68.55220031738281,521.6060180664062,242.198974609375,77.17909240722656,134.48532104492188
2024-06-20,64.28839874267578,513.1608276367188,245.10586547851562,76.71717071533203,135.2778778076172
2024-06-21,64.20980072021484,510.0623779296875,250.5043487548828,76.90001678466797,137.87249755859375
2024-06-24,63.87480163574219,521.3909912109375,251.46044921875,76.726806640625,141.23130798339844
2024-06-25,65.66079711914062,515.9661254882812,248.56321716308594,76.29374694824219,138.476318359375
2024-06-26,65.86000061035156,507.65771484375,248.99777221679688,76.16864776611328,138.8537139892578
2024-06-27,62.40999984741211,504.3540344238281,249.326171875,76.25524139404297,138.42913818359375
2024-06-28,62.650001525878906,504.6864013671875,246.11021423339844,74.91761016845703,139.67454528808594
2024-07-01,61.810001373291016,493.9539794921875,241.42636108398438,74.2247314453125,137.5045166015625
2024-07-02,61.400001525878906,481.50128173828125,239.30169677734375,73.93603515625,137.17428588867188
2024-07-03,61.58000183105469,486.11480712890625,241.43601989746094,73.38749694824219,136.61764526367188
2024-07-05,62.75,482.5959777832031,242.48866271972656,73.18541717529297,137.4196014404297
2024-07-08,59.5099983215332,489.04718017578125,239.3596649169922,71.76116180419922,140.31613159179688
2024-07-09,57.47999954223633,467.0545349121094,237.3992156982422,70.00971221923828,139.25941467285156
2024-07-10,58.29999923706055,467.2109069824219,241.9092559814453,69.77875518798828,137.85360717773438
2024-07-11,57.54999923706055,462.42144775390625,246.0716094970703,70.53900146484375,142.84466552734375
2024-07-12,57.66999816894531,480.39678955078125,245.20242309570312,72.01136016845703,144.21275329589844
2024-07-15,56.61000061035156,472.1373291015625,242.9136199951172,70.00971221923828,142.75033569335938
2024-07-16,57.7400016784668,478.8035583496094,248.4569854736328,72.66575622558594,146.25067138671875
2024-07-17,55.290000915527344,462.597412109375,252.05921936035156,72.27118682861328,147.1186981201172
2024-07-18,53.380001068115234,399.81585693359375,250.6298828125,71.39546966552734,143.49569702148438
2024-07-19,53.540000915527344,395.0556945800781,248.4666290283203,76.28411865234375,141.26905822753906
2024-07-22,53.560001373291016,406.17901611328125,250.64923095703125,73.66658782958984,142.4861602783203
2024-07-23,52.54999923706055,413.40240478515625,245.3472900390625,73.38749694824219,141.77853393554688
2024-07-24,51.779998779296875,415.15203857421875,244.69058227539062,71.86701965332031,138.17442321777344
2024-07-25,50.81999969482422,415.58209228515625,242.8460235595703,70.55823516845703,138.02342224121094
2024-07-26,49.83000183105469,408.0361633300781,243.36752319335938,71.2607421875,140.58029174804688
2024-07-29,50.970001220703125,418.47528076171875,252.46484375,72.36741638183594,138.52349853515625
2024-07-30,52.56999969482422,419.4723205566406,257.3128662109375,73.07955932617188,139.58963012695312
2024-07-31,54.31999969482422,419.0325012207031,256.3084716796875,75.01383209228516,141.91064453125
2024-08-01,53.459999084472656,417.01898193359375,259.54376220703125,72.28083038330078,138.7122039794922
2024-08-02,52.56999969482422,419.32574462890625,267.21173095703125,73.02180480957031,131.3057861328125
2024-08-05,52.18000030517578,419.540771484375,259.2539978027344,71.07789611816406,126.30525970458984
2024-08-06,54.08000183105469,419.30621337890625,260.808837890625,72.53102111816406,126.28640747070312
2024-08-07,53.630001068115234,417.9280090332031,260.1424865722656,72.45404052734375,125.92788696289062
2024-08-08,54.31999969482422,427.7415466308594,261.900146484375,72.8967056274414,126.39962768554688
2024-08-09,55.54999923706055,428.51373291015625,258.73248291015625,72.26156616210938,127.84317016601562
2024-08-12,55.869998931884766,434.8671569824219,260.2294006347656,74.12848663330078,127.39028930664062
2024-08-13,51.68000030517578,431.34832763671875,261.05029296875,92.28771209716797,128.93760681152344
2024-08-14,51.650001525878906,432.2671203613281,261.8615417480469,90.36305236816406,128.08847045898438
2024-08-15,53.970001220703125,434.5543518066406,265.4540710449219,91.30613708496094,133.65509033203125
2024-08-16,52.470001220703125,432.92205810546875,268.9500427246094,91.79021453857422,135.9005889892578
2024-08-19,52.63999938964844,423.0791015625,277.6996765136719,89.36016082763672,136.45726013183594
2024-08-20,51.939998626708984,417.4294738769531,275.8454895019531,90.04754638671875,136.1741943359375
2024-08-21,53.72999954223633,418.0550537109375,279.7857360839844,89.82485961914062,151.4261474609375
2024-08-22,53.45000076293945,406.84368896484375,279.3028564453125,89.48602294921875,149.11553955078125
2024-08-23,53.709999084472656,415.6896057128906,279.60223388671875,91.02537536621094,150.71299743652344
2024-08-26,54.75,414.90765380859375,278.791015625,92.58409881591797,151.09335327148438
2024-08-27,56.13999938964844,408.9745178222656,279.7181091308594,95.4594955444336,150.8841552734375
2024-08-28,55.77000045776367,406.70684814453125,277.21685791015625,92.26461029052734,149.15359497070312
2024-08-29,55.630001068115234,403.6474304199219,277.99908447265625,91.838623046875,145.88258361816406
2024-08-30,56.08000183105469,404.8692626953125,278.7716979980469,91.557861328125,146.07273864746094
2024-09-03,53.52000045776367,394.4495849609375,277.34381103515625,90.2121353149414,144.34217834472656
2024-09-04,53.34000015258789,396.3849792480469,279.78192138671875,89.38919830322266,144.98876953125
2024-09-05,53.029998779296875,401.00836181640625,279.7236328125,88.64372253417969,144.43727111816406
2024-09-06,53.68000030517578,399.27825927734375,281.21954345703125,88.24678802490234,143.84771728515625
2024-09-09,54.290000915527344,410.68505859375,282.9485778808594,89.27302551269531,143.1916046142578
2024-09-10,54.209999084472656,407.3714904785156,282.9290771484375,90.36703491210938,140.73838806152344
2024-09-11,55.790000915527344,398.76995849609375,281.9189147949219,95.07223510742188,140.05374145507812
2024-09-12,56.349998474121094,396.68798828125,283.97821044921875,96.11783599853516,141.14724731445312
2024-09-13,56.119998931884766,394.9122009277344,288.0384826660156,95.43045043945312,143.92379760742188
2024-09-16,57.65999984741211,401.2403259277344,288.19390869140625,93.242431640625,145.33106994628906
2024-09-17,58.5,404.64471435546875,285.33807373046875,93.36830139160156,144.49432373046875
2024-09-18,56.93000030517578,401.2893371582031,283.6673583984375,93.0584945678711,146.05374145507812
2024-09-19,57.970001220703125,403.9284973144531,285.4352722167969,93.81364440917969,148.8017578125
2024-09-20,57.22999954223633,406.5873107910156,288.32989501953125,92.99071502685547,147.14723205566406
2024-09-23,58.290000915527344,412.7486267089844,290.49603271484375,92.43888092041016,147.6607208251953
2024-09-24,57.959999084472656,418.4782409667969,291.67138671875,91.44168090820312,148.50697326660156
2024-09-25,58.380001068115234,417.8699645996094,291.86566162109375,92.57441711425781,147.4515380859375
2024-09-26,58.04999923706055,424.17840576171875,294.9546203613281,94.36549377441406,148.31680297851562
2024-09-27,57.34000015258789,420.92120361328125,294.9934387207031,94.25899505615234,147.55612182617188
2024-09-30,57.619998931884766,422.01019287109375,295.78997802734375,94.38484954833984,148.2027130126953
2024-10-01,57.16999816894531,422.5203552246094,294.3038330078125,94.3267593383789,144.72251892089844
2024-10-02,57.68000030517578,415.2013854980469,295.0614929199219,93.42638397216797,143.01095581054688
2024-10-03,56.70000076293945,412.9350280761719,294.7603454589844,92.51632690429688,142.25027465820312
2024-10-04,57.11000061035156,417.2714538574219,295.0614929199219,93.50383758544922,145.36912536621094
2024-10-07,56.72999954223633,402.2508239746094,292.2347717285156,93.02943420410156,141.67971801757812
2024-10-08,57.97999954223633,403.3791198730469,293.2547302246094,93.14561462402344,143.88577270507812
2024-10-09,57.93000030517578,405.3903503417969,295.1294250488281,92.82612609863281,146.74789428710938
2024-10-10,58.33000183105469,401.02447509765625,295.3334655761719,90.88983154296875,148.3072967529297
2024-10-11,58.650001525878906,421.5491027832031,296.3048400878906,92.50664520263672,150.67498779296875
2024-10-14,59.279998779296875,419.9891357421875,300.96734619140625,91.74181365966797,150.2090301513672
2024-10-15,59.810001373291016,419.18463134765625,304.36712646484375,92.01289367675781,152.79541015625
2024-10-16,59.119998931884766,420.26385498046875,303.95916748046875,92.41951751708984,151.0648193359375
2024-10-17,58.86000061035156,421.2645568847656,305.6882019042969,92.23556518554688,148.23123168945312
2024-10-18,59.38999938964844,420.74456787109375,307.4949035644531,93.75554656982422,149.13455200195312
2024-10-21,59.70000076293945,423.1384582519531,305.87274169921875,93.37796783447266,143.49591064453125
2024-10-22,59.880001068115234,418.7137145996094,305.6784973144531,93.73619079589844,141.8603973388672
2024-10-23,59.02000045776367,414.7108459472656,290.0201110839844,94.53975677490234,140.7764129638672
2024-10-24,59.439998626708984,407.2642822265625,292.9438781738281,94.0556869506836,142.8017578125
2024-10-25,59.439998626708984,405.9888000488281,284.23077392578125,94.21057891845703,143.73361206054688
2024-10-28,60.599998474121094,409.35400390625,288.29107666015625,94.8979721069336,141.96499633789062
2024-10-29,60.4900016784668,405.3315124511719,286.5523376464844,94.28803253173828,140.6623077392578
2024-10-30,55.72999954223633,402.27044677734375,283.17193603515625,94.22026062011719,141.2233123779297
2024-10-31,55.77000045776367,405.9103698730469,283.74505615234375,94.5881576538086,142.66864013671875
2024-11-01,58.59000015258789,417.7816162109375,286.7562561035156,95.72089385986328,143.42933654785156
2024-11-04,56.380001068115234,421.85321044921875,284.4638977050781,93.93949890136719,142.62110900878906
2024-11-05,56.18000030517578,419.91064453125,288.8058776855469,93.99758911132812,143.57199096679688
2024-11-06,57.689998626708984,433.5970153808594,285.5809631347656,93.01976013183594,140.05374145507812
2024-11-07,58.209999084472656,439.9643249511719,286.2220458984375,93.0584945678711,143.49591064453125
2024-11-08,58.810001373291016,451.04095458984375,290.4085998535156,94.44294738769531,142.42141723632812
2024-11-11,59.27000045776367,438.4239807128906,292.8952941894531,97.11503601074219,145.7494659423828
2024-11-12,60.4900016784668,432.27252197265625,290.0977783203125,95.65312957763672,148.00302124023438
2024-11-13,59.27000045776367,431.2423095703125,288.83502197265625,96.62128448486328,147.37545776367188
2024-11-14,59.90999984741211,427.72998046875,290.0103759765625,96.0694351196289,145.9301300048828
2024-11-15,58.630001068115234,422.2947082519531,284.2502136230469,95.87459564208984,144.65597534179688
2024-11-18,58.810001373291016,436.4912109375,282.7640075683594,97.80339050292969,148.8683319091797
2024-11-19,58.72999954223633,431.4876403808594,282.40460205078125,95.80641174316406,148.3358154296875
2024-11-20,58.880001068115234,430.6733093261719,282.5794372558594,95.71874237060547,116.57695007324219
2024-11-21,59.97999954223633,437.4232482910156,280.2093200683594,97.4721908569336,116.45243835449219
2024-11-22,62.0099983215332,444.781494140625,281.9674377441406,99.84908294677734,119.72793579101562
2024-11-25,62.0,460.3122863769531,287.7082214355469,99.2061538696289,125.01470184326172
2024-11-26,62.709999084472656,463.9718322753906,287.8442077636719,98.07616424560547,121.20286560058594
2024-11-27,62.04999923706055,463.4125671386719,286.6300048828125,98.88468933105469,124.5932846069336
2024-11-29,61.52000045776367,467.1898193359375,287.53338623046875,99.81011962890625,126.719482421875
2024-12-02,60.540000915527344,457.3689880371094,285.7744140625,98.88468933105469,125.1966781616211
2024-12-03,60.939998626708984,453.4838562011719,287.7874755859375,98.9431381225586,125.89582061767578
2024-12-04,63.88999938964844,458.0361328125,288.364013671875,98.09563446044922,124.57415008544922
2024-12-05,65.22000122070312,456.61358642578125,292.6441650390625,96.66365814208984,123.71216583251953
2024-12-06,65.4000015258789,450.903564453125,292.1653747558594,97.5208969116211,126.79609680175781
2024-12-09,64.58000183105469,449.0885314941406,294.5008850097656,96.74158477783203,129.57354736328125
2024-12-10,64.83000183105469,445.5762023925781,293.8559265136719,95.621337890625,129.34371948242188
2024-12-11,65.56999969482422,448.7059326171875,289.35101318359375,95.87459564208984,130.2344207763672
2024-12-12,66.16000366210938,456.1034240722656,289.86895751953125,95.29012298583984,129.57354736328125
2024-12-13,64.58999633789062,446.0537414550781,289.8395690917969,94.90046691894531,128.83612060546875
2024-12-16,64.80000305175781,440.6893310546875,290.92431640625,90.71168518066406,126.85356903076172
2024-12-17,64.29000091552734,439.7247009277344,289.3314514160156,89.70830535888672,126.03949737548828
2024-12-18,61.34000015258789,423.9463806152344,284.2499694824219,87.57495880126953,125.17752075195312
2024-12-19,61.7400016784668,420.9246520996094,283.61480712890625,86.46444702148438,124.91890716552734
2024-12-20,61.869998931884766,419.487548828125,286.0089416503906,85.69486236572266,125.92454528808594
2024-12-23,61.58000183105469,419.8419189453125,284.6506652832031,85.17858123779297,126.3459701538086
2024-12-24,62.2400016784668,424.23187255859375,287.2890625,87.58470153808594,126.80567932128906
2024-12-26,61.470001220703125,425.826416015625,288.0805969238281,89.48426055908203,130.6270751953125
2024-12-27,60.779998779296875,422.87353515625,286.927490234375,89.86417388916016,129.7747039794922
2024-12-30,60.09000015258789,414.1133117675781,282.9991455078125,88.23736572265625,129.34371948242188
2024-12-31,60.29999923706055,413.1684265136719,283.28253173828125,88.8900375366211,129.46820068359375
2025-01-02,59.88999938964844,428.10015869140625,285.84283447265625,89.78623962402344,131.39329528808594
2025-01-03,59.70000076293945,431.20068359375,288.06109619140625,90.18563842773438,130.0524444580078
2025-01-06,58.79999923706055,417.83392333984375,285.5203552246094,90.72140502929688,133.40455627441406
2025-01-07,57.9900016784668,404.447509765625,282.74505615234375,90.43891143798828,133.3662567138672
2025-01-08,57.91999816894531,406.20941162109375,280.3607177734375,90.20512390136719,132.3797607421875
2025-01-10,56.5,396.0120544433594,275.87530517578125,89.86417388916016,135.63609313964844
2025-01-13,56.2599983215332,403.699462890625,277.16522216796875,91.09158325195312,132.9065399169922
2025-01-14,56.439998626708984,409.5461730957031,275.1619567871094,90.6629638671875,130.70372009277344
2025-01-15,57.369998931884766,407.429931640625,275.8655090332031,90.6727066040039,128.84568786621094
2025-01-16,58.36000061035156,412.33172607421875,273.3638916015625,91.98780059814453,127.6197738647461
2025-01-17,57.52000045776367,420.6391906738281,274.54632568359375,92.66968536376953,127.96454620361328
2025-01-21,56.20000076293945,433.8779602050781,276.16845703125,95.44598388671875,131.5369415283203
2025-01-22,55.900001525878906,435.1772766113281,274.93719482421875,95.20246124267578,130.03329467773438
2025-01-23,57.560001373291016,440.72869873046875,277.94696044921875,95.45571899414062,131.4507598876953
2025-01-24,56.70000076293945,427.4111633300781,278.9534912109375,96.2545166015625,132.06370544433594
2025-01-27,58.29999923706055,424.3795471191406,286.4096374511719,97.43321990966797,136.47894287109375
2025-01-28,57.83000183105469,423.0605773925781,284.5138244628906,97.81314086914062,135.09976196289062
2025-01-29,58.27000045776367,421.0624694824219,283.4975280761719,105.77184295654297,134.17076110839844
2025-01-30,58.9900016784668,443.720947265625,283.7027587890625,106.18097686767578,134.5059814453125
2025-01-31,58.349998474121094,442.0673522949219,282.11968994140625,104.8951187133789,132.08285522460938
2025-02-03,58.36000061035156,448.691650390625,283.4388732910156,105.36270904541016,128.49130249023438
2025-02-04,59.02000045776367,458.6133728027344,283.165283203125,107.73959350585938,129.8704833984375
2025-02-05,57.5099983215332,447.6089172363281,282.2467041015625,109.346923828125,129.4969482421875
2025-02-06,57.31999969482422,463.170654296875,287.650634765625,108.81114959716797,128.9893341064453
2025-02-07,57.27000045776367,459.4106140136719,287.592041015625,109.29821014404297,125.80005645751953
2025-02-10,57.79999923706055,467.48187255859375,301.39019775390625,108.56761169433594,125.7330093383789
2025-02-11,56.18000030517578,466.6156921386719,303.1393737792969,108.15847778320312,126.85356903076172
2025-02-12,57.290000915527344,464.0663757324219,300.5888671875,110.11649322509766,123.15412139892578
2025-02-13,58.130001068115234,472.34429931640625,302.9537048339844,110.07752990722656,124.19730377197266
2025-02-14,57.08000183105469,469.17486572265625,301.5172119140625,110.23423767089844,123.52115631103516
2025-02-18,54.4900016784668,470.03118896484375,297.88201904296875,110.70436096191406,125.67515563964844
2025-02-19,53.79999923706055,467.8854675292969,295.057861328125,110.17546844482422,126.2933349609375
2025-02-20,53.04999923706055,464.3518371582031,296.142578125,111.00798034667969,123.76264190673828
2025-02-21,51.5099983215332,455.1092529296875,297.86248779296875,109.45068359375,120.0342025756836
2025-02-24,51.209999084472656,448.4849548339844,300.5595703125,110.86106872558594,121.48308563232422
2025-02-25,52.470001220703125,462.75726318359375,303.63775634765625,112.23225402832031,123.04786682128906
2025-02-26,53.41999816894531,471.58636474609375,297.3347473144531,110.67498016357422,119.81204986572266
2025-02-27,52.7400016784668,474.7065734863281,302.8853454589844,112.13432312011719,118.32453918457031
2025-02-28,53.970001220703125,482.0199279785156,301.3022155761719,113.4271469116211,120.0052261352539
2025-03-03,54.33000183105469,476.222412109375,299.0711975097656,113.03539276123047,116.64385223388672
2025-03-04,53.16999816894531,474.2046203613281,300.5257568359375,109.75431060791016,113.1472396850586
2025-03-05,53.599998474121094,468.702392578125,302.1769714355469,109.39192199707031,112.58699798583984
2025-03-06,51.470001220703125,472.6986389160156,305.046875,103.29991149902344,110.16256713867188
2025-03-07,50.22999954223633,464.6372375488281,315.77960205078125,104.28912353515625,111.15745544433594
2025-03-10,49.83000183105469,433.1201171875,311.8088684082031,99.04920196533203,109.96937561035156
2025-03-11,49.97999954223633,423.79876708984375,301.4988098144531,97.53109741210938,108.91654205322266
2025-03-12,50.04999923706055,431.8207702636719,294.2650146484375,96.65941619873047,103.6233139038086
2025-03-13,48.72999954223633,421.9385070800781,292.39764404296875,94.06393432617188,100.93807983398438
2025-03-14,50.029998779296875,420.604248046875,294.6876525878906,96.09133911132812,101.13125610351562
2025-03-17,49.650001525878906,444.34344482421875,298.75665283203125,97.04138946533203,102.06819915771484
2025-03-18,47.790000915527344,447.38739013671875,298.39300537109375,96.25784301757812,101.02500915527344
2025-03-19,48.9900016784668,456.2723083496094,301.65606689453125,97.14912414550781,101.36308288574219
2025-03-20,49.0,460.60107421875,301.73468017578125,97.23726654052734,100.64830017089844
2025-03-21,48.529998779296875,456.00543212890625,300.201416015625,95.07273864746094,100.51307678222656
2025-03-24,49.599998474121094,460.59124755859375,300.427490234375,93.7505111694336,104.65684509277344
2025-03-25,49.5099983215332,454.888671875,301.65606689453125,93.9072265625,101.80740356445312
2025-03-26,50.06999969482422,461.3818664550781,308.2018127441406,95.95423126220703,102.473876953125
2025-03-27,50.91999816894531,465.76995849609375,307.32708740234375,96.81610870361328,102.87957000732422
2025-03-28,49.90999984741211,441.89239501953125,301.8231506347656,95.71916961669922,100.11705017089844
2025-03-31,50.209999084472656,454.0782775878906,307.0126037597656,96.0717544555664,100.80284881591797
2025-04-01,51.66999816894531,460.02789306640625,308.2509765625,96.20886993408203,100.87046813964844
2025-04-02,52.02000045776367,462.8742370605469,306.2361145019531,97.36459350585938,102.16478729248047
2025-04-03,50.08000183105469,458.35760498046875,312.8114013671875,86.44401550292969,91.0664291381836
2025-04-04,47.290000915527344,439.01641845703125,294.96282958984375,80.41075134277344,92.45734405517578
2025-04-07,46.66999816894531,431.46575927734375,294.74664306640625,78.35396575927734,91.16301727294922
2025-04-08,45.97999954223633,425.68414306640625,294.6876525878906,78.05033874511719,85.73458099365234
2025-04-09,50.93000030517578,451.0144958496094,298.746826171875,86.85537719726562,94.36019897460938
2025-04-10,50.27000045776367,447.7530517578125,301.5184631347656,82.85931396484375,89.54994201660156
2025-04-11,49.7599983215332,456.7664794921875,304.5849609375,83.6722412109375,89.61756134033203
2025-04-14,49.459999084472656,470.3062744140625,310.6491394042969,83.73101043701172,91.42382049560547
2025-04-15,48.79999923706055,463.0817565917969,307.1207275390625,81.98762512207031,88.94142150878906
2025-04-16,48.08000183105469,456.84552001953125,303.7986755371094,79.09832763671875,87.37663269042969
2025-04-17,48.16999816894531,461.28302001953125,305.9609375,79.8230972290039,89.93630981445312
2025-04-21,46.529998779296875,462.7951354980469,303.4251708984375,79.01997375488281,90.5834732055664
2025-04-22,47.099998474121094,480.4562072753906,313.60748291015625,80.06796264648438,90.89256286621094
2025-04-23,48.7599983215332,480.19927978515625,313.017822265625,81.10614013671875,89.009033203125
2025-04-24,49.540000915527344,482.26483154296875,310.7965393066406,82.13453674316406,92.06131744384766
2025-04-25,51.779998779296875,481.8793640136719,311.3076171875,82.0855712890625,93.28803253173828
2025-04-28,50.900001525878906,484.9035949707031,311.37646484375,82.17372131347656,93.08519744873047
2025-04-29,50.650001525878906,487.66094970703125,309.1060791015625,83.10417175292969,93.6067886352539
2025-04-30,50.52000045776367,484.6367492675781,314.167724609375,78.40293884277344,93.40393829345703
2025-05-01,50.31999969482422,475.7617492675781,308.2608337402344,80.32260131835938,92.6988296508789
2025-05-02,51.560001373291016,478.944091796875,306.609619140625,82.94746398925781,94.05110931396484
2025-05-05,50.0099983215332,472.25323486328125,310.30511474609375,79.97981262207031,90.81529235839844
2025-05-06,50.36000061035156,473.8839416503906,311.35675048828125,81.0767593383789,90.45790100097656
2025-05-07,51.63999938964844,471.1068115234375,312.673828125,81.0082015991211,92.23518371582031
2025-05-08,51.45000076293945,471.24517822265625,308.1133728027344,80.4989013671875,93.62610626220703
2025-05-09,49.720001220703125,473.30084228515625,308.30010986328125,78.64779663085938,93.11417388916016
2025-05-12,50.7599983215332,476.4732971191406,306.5703125,83.90730285644531,97.63465118408203
2025-05-13,50.650001525878906,478.7365417480469,303.3957214355469,85.09239959716797,95.71247863769531
2025-05-14,52.2400016784668,477.5802307128906,302.2261047363281,84.7593994140625,93.06492614746094
2025-05-15,52.040000915527344,480.2289123535156,309.0863952636719,85.46458435058594,94.83322143554688
2025-05-16,52.31999969482422,489.2619934082031,313.14556884765625,84.39936828613281,96.30841827392578
2025-05-19,52.27000045776367,491.703125,315.72064208984375,83.45249938964844,95.73201751708984
2025-05-20,51.470001220703125,487.30517578125,314.31512451171875,84.4190902709961,95.85902404785156
2025-05-21,50.790000915527344,474.8722229003906,311.0127868652344,81.84479522705078,90.86677551269531
2025-05-22,50.779998779296875,476.6216125488281,308.9192810058594,82.82125091552734,92.8695297241211
2025-05-23,50.630001068115234,474.8129577636719,309.17486572265625,83.24536895751953,92.11727905273438
2025-05-27,50.9900016784668,478.8946838378906,309.54833984375,85.81966400146484,94.75505828857422
2025-05-28,50.06999969482422,477.46160888671875,307.4745178222656,84.82347869873047,93.72926330566406
2025-05-29,49.72999954223633,468.9720764160156,306.5113220214844,82.90015411376953,92.68391418457031
2025-05-30,50.08000183105469,468.2802429199219,308.4671936035156,82.80152893066406,91.84373474121094
2025-06-02,49.84000015258789,460.55169677734375,309.06024169921875,84.02456665039062,91.16962432861328
2025-06-03,50.06999969482422,459.098876953125,308.77362060546875,85.41526794433594,93.57294464111328
2025-06-04,52.15999984741211,460.4627380371094,307.9631042480469,86.90461730957031,91.77534484863281
2025-06-05,52.599998474121094,454.6514892578125,305.403076171875,85.79993438720703,91.36502075195312
2025-06-06,52.5,462.73583984375,303.80181884765625,88.41368103027344,95.07745361328125
2025-06-09,51.130001068115234,462.4788818359375,301.251708984375,89.4295883178711,95.10676574707031
2025-06-10,50.619998931884766,450.16455078125,296.9520568847656,90.17919158935547,98.44795227050781
2025-06-11,51.790000915527344,441.67498779296875,298.22711181640625,94.08501434326172,95.84925079345703
2025-06-12,50.88999938964844,445.7270812988281,299.6504821777344,93.02965545654297,97.00205993652344
2025-06-13,50.2400016784668,448.5943298339844,298.4149475097656,91.98416137695312,93.17239379882812
2025-06-16,52.540000915527344,450.8762512207031,292.8600158691406,92.2011489868164,95.12630462646484
2025-06-17,51.380001068115234,455.17218017578125,288.9260559082031,90.33700561523438,92.83045196533203
2025-06-18,51.83000183105469,443.2566223144531,286.277099609375,91.01756286621094,92.92815399169922
2025-06-20,52.779998779296875,443.7626037597656,284.1322021484375,91.84607696533203,93.33847045898438
2025-06-23,53.779998779296875,454.0113830566406,286.1683654785156,91.07674407958984,94.30565643310547
2025-06-24,54.650001525878906,456.3528137207031,288.0957946777344,90.24823760986328,95.2826156616211
2025-06-25,55.13999938964844,449.566650390625,282.2442932128906,89.85371398925781,94.47174072265625
2025-06-26,54.27000045776367,451.1441345214844,282.3233947753906,90.58358001708984,95.35099792480469
2025-06-27,55.04999923706055,442.879638671875,288.1748352050781,90.84989166259766,96.94344329833984
2025-06-30,56.150001525878906,447.0565185546875,288.7877197265625,90.37644958496094,96.3768081665039
2025-07-01,58.2400016784668,453.9320373535156,294.0461120605469,93.62144470214844,101.45698547363281
2025-07-02,56.77000045776367,450.3702697753906,291.2192077636719,92.89157104492188,103.02011108398438
2025-07-03,57.06999969482422,448.62408447265625,290.675537109375,93.14802551269531,101.66213989257812
2025-07-07,55.459999084472656,449.6559143066406,290.1319274902344,92.35896301269531,99.25883483886719
2025-07-08,55.45000076293945,455.81707763671875,288.2934875488281,93.64118194580078,99.65938568115234
2025-07-09,55.939998626708984,459.8352355957031,289.6278076171875,93.94693756103516,100.0697021484375
2025-07-10,56.40999984741211,466.2245788574219,294.9356994628906,93.84830474853516,102.32646942138672
2025-07-11,56.0,460.827392578125,296.4380798339844,93.64118194580078,101.83799743652344
2025-07-14,54.81999969482422,469.2208251953125,298.3852844238281,92.14197540283203,102.45348358154297
2025-07-15,53.95000076293945,461.730224609375,296.1514587402344,91.21482849121094,99.85477447509766
2025-07-16,53.380001068115234,461.6408996582031,295.4397888183594,91.24442291259766,99.00481414794922
2025-07-17,53.540000915527344,465.0240783691406,296.89276123046875,91.91512298583984,101.2615966796875
2025-07-18,53.93000030517578,462.28582763671875,293.6309509277344,92.51676940917969,101.07597351074219
2025-07-21,52.459999084472656,458.60498046875,292.31634521484375,91.39237213134766,99.36629486083984
2025-07-22,52.380001068115234,477.18768310546875,295.7066650390625,95.61381530761719,104.08499908447266
2025-07-23,52.779998779296875,474.2906494140625,294.6687927246094,94.6077651977539,104.9544906616211
2025-07-24,45.7400016784668,472.5940856933594,291.0709533691406,92.41813659667969,103.38158416748047
2025-07-25,46.7599983215332,481.7118225097656,295.0147399902344,93.12828826904297,103.60629272460938
2025-07-28,44.86000061035156,470.5899963378906,295.7560729980469,92.38854217529297,103.9775390625
2025-07-29,44.380001068115234,466.3535461425781,299.1661376953125,91.68826293945312,101.77938079833984
2025-07-30,43.7599983215332,471.6416320800781,300.09521484375,91.49100494384766,100.76334381103516
2025-07-31,42.880001068115234,459.56732177734375,296.5962219238281,87.94024658203125,98.18417358398438
2025-08-01,42.52000045776367,462.50408935546875,299.38360595703125,85.67171478271484,97.47100067138672
2025-08-04,42.880001068115234,464.2998352050781,300.7080993652344,88.55177307128906,97.49053955078125
2025-08-05,42.630001068115234,443.6138000488281,295.311279296875,88.96601867675781,100.0697021484375
2025-08-06,42.689998626708984,440.2901306152344,304.0983581542969,87.77256774902344,102.96149444580078
2025-08-07,42.689998626708984,438.94085693359375,304.345458984375,89.7748031616211,103.23503875732422
2025-08-08,41.439998626708984,436.5795593261719,301.9139404296875,90.85975646972656,102.97126770019531
2025-08-11,41.619998931884766,437.07562255859375,300.8365478515625,90.48495483398438,101.6133041381836
2025-08-12,42.83000183105469,437.7204895019531,298.1480712890625,92.09265899658203,103.81145477294922
2025-08-13,43.47999954223633,447.4335632324219,301.538330078125,92.89157104492188,104.0484619140625
2025-08-14,43.16999816894531,447.0466003417969,305.3734436035156,91.78689575195312,102.95228576660156
2025-08-15,44.040000915527344,447.7113342285156,305.3536376953125,89.95016479492188,101.73758697509766
2025-08-18,43.380001068115234,441.35174560546875,305.1263427734375,91.87625122070312,103.64356231689453
2025-08-19,43.25,447.0168151855469,307.3304748535156,90.27779388427734,104.0484619140625
2025-08-20,43.06999969482422,439.37738037109375,309.45562744140625,88.86798095703125,97.46149444580078
2025-08-21,42.90999984741211,443.3459167480469,309.593994140625,87.92479705810547,95.8517837524414
2025-08-22,43.63999938964844,447.44342041015625,310.4341735839844,87.74608612060547,98.00464630126953
2025-08-25,42.75,457.03741455078125,309.81146240234375,85.19451904296875,95.92091369628906
2025-08-26,42.52000045776367,447.671630859375,309.3172607421875,86.00863647460938,94.91361236572266
2025-08-27,42.650001525878906,448.99114990234375,307.82470703125,87.03125762939453,96.7405776977539
2025-08-28,42.40999984741211,445.42938232421875,308.6055908203125,87.38866424560547,95.60489654541016
2025-08-29,42.13999938964844,454.6959533691406,309.9103088378906,87.55744934082031,94.78523254394531
2025-09-02,41.75,463.62518310546875,313.8764953613281,89.13604736328125,91.28929901123047
2025-09-03,41.790000915527344,462.9306945800781,314.50274658203125,86.62419128417969,91.2004165649414
2025-09-04,41.40999984741211,458.962158203125,315.0991516113281,86.38591766357422,91.5559310913086
2025-09-05,41.060001373291016,460.1824645996094,312.5047302246094,84.81724548339844,92.01020812988281
2025-09-08,39.650001525878906,462.44451904296875,310.93414306640625,83.5662841796875,90.36099243164062
2025-09-09,39.459999084472656,455.3606872558594,310.65582275390625,83.2088623046875,89.7783432006836
2025-09-10,38.709999084472656,447.0168151855469,304.1150817871094,82.28553009033203,89.64995574951172
2025-09-11,38.959999084472656,453.0291748046875,306.5902099609375,81.7692642211914,90.38074493408203
2025-09-12,38.630001068115234,448.4950866699219,303.5782775878906,81.31256866455078,88.84016418457031
2025-09-15,38.58000183105469,448.1365966796875,300.2681579589844,82.08696746826172,87.45758819580078
2025-09-16,39.29999923706055,440.6369323730469,301.48089599609375,83.76485443115234,88.60315704345703
2025-09-17,39.66999816894531,436.4438781738281,303.1508483886719,82.62310028076172,87.82299041748047
2025-09-18,39.810001373291016,428.3466491699219,299.3437194824219,82.82166290283203,88.306884765625
2025-09-19,39.31999969482422,426.982177734375,300.5763244628906,83.95348358154297,87.03294372558594
2025-09-22,40.130001068115234,423.2472839355469,301.1826477050781,84.67825317382812,85.48249053955078
2025-09-23,39.68000030517578,422.1816101074219,301.3814697265625,85.07538604736328,85.96639251708984
2025-09-24,39.54999923706055,423.5859069824219,302.5146484375,83.66556549072266,87.21070098876953
2025-09-25,39.33000183105469,421.04620361328125,300.49676513671875,83.22872161865234,86.05526733398438
2025-09-26,40.08000183105469,433.9938049316406,303.41925048828125,82.79187774658203,86.75643157958984
2025-09-29,39.900001525878906,432.6592102050781,301.1826477050781,85.02574157714844,87.72423553466797
2025-09-30,39.189998626708984,429.9700622558594,302.0773010253906,83.99319458007812,88.5833969116211
2025-10-01,38.970001220703125,426.43438720703125,298.7273864746094,83.79463195800781,88.0303726196289
2025-10-02,40.27000045776367,429.5019836425781,298.0912170410156,86.09799194335938,88.39576721191406
2025-10-03,41.7599983215332,424.990234375,299.1846618652344,85.80014038085938,87.92174530029297
2025-10-06,41.630001068115234,421.20556640625,294.2741394042969,81.52105712890625,87.85261535644531
2025-10-07,40.95000076293945,409.7718200683594,294.5524597167969,80.70693969726562,88.15875244140625
2025-10-08,40.97999954223633,411.8334655761719,292.6438903808594,79.46590423583984,89.25493621826172
2025-10-09,40.88999938964844,403.6963806152344,292.05743408203125,79.20777130126953,87.9908676147461
2025-10-10,39.81999969482422,404.7322082519531,295.23834228515625,77.8972396850586,84.4653091430664
2025-10-13,40.900001525878906,406.6145935058594,298.31982421875,79.45597839355469,86.25277709960938
2025-10-14,42.099998474121094,422.5202331542969,302.7432861328125,80.56794738769531,87.85261535644531
2025-10-15,41.77000045776367,415.7774963378906,303.42919921875,82.26567840576172,89.7783432006836
2025-10-16,41.7599983215332,415.26959228515625,303.5086975097656,83.73506164550781,88.94879913330078
2025-10-17,41.86000061035156,414.5823669433594,306.2522277832031,84.74774932861328,89.7092056274414
2025-10-20,41.630001068115234,421.2354431152344,305.93414306640625,83.92369842529297,90.390625
2025-10-21,42.36000061035156,418.1877746582031,305.6459045410156,85.28387451171875,93.22489929199219
2025-10-22,41.61000061035156,423.10784912109375,308.26019287109375,84.8867416381836,92.84962463378906
2025-10-23,41.79999923706055,420.0601806640625,305.138916015625,84.82717895507812,93.07676696777344
2025-10-24,41.189998626708984,413.18798828125,303.9659729003906,85.4725112915039,93.08663940429688
2025-10-27,41.060001373291016,411.0367126464844,308.1508483886719,86.59440612792969,96.55294036865234
2025-10-28,40.2599983215332,409.31365966796875,304.57232666015625,84.81724548339844,95.90116119384766
2025-10-29,39.7599983215332,404.2342224121094,300.5464782714844,83.5662841796875,92.9483871459961
2025-10-30,32.529998779296875,402.3319091796875,300.6260070800781,82.55360412597656,91.76332092285156
2025-10-31,31.690000534057617,396.8540954589844,296.6498718261719,80.28995513916016,91.56581115722656
2025-11-03,31.510000228881836,402.0032653808594,294.6021423339844,80.37930297851562,90.31161499023438
2025-11-04,31.739999771118164,405.24017333984375,297.4252014160156,79.02906036376953,88.85991668701172
2025-11-05,31.969999313354492,398.7962341308594,303.8466796875,82.28553009033203,90.79552459716797
2025-11-06,30.559999465942383,399.84197998046875,296.6300048828125,81.6302719116211,88.04025268554688
2025-11-07,30.59000015258789,408.52685546875,297.8725280761719,84.95624542236328,90.10423278808594
2025-11-10,30.479999542236328,405.9472961425781,297.3158874511719,83.99319458007812,89.6005859375
2025-11-11,29.809999465942383,407.5806884765625,304.999755859375,85.80014038085938,90.44000244140625
2025-11-12,31.31999969482422,402.13275146484375,305.1091003417969,86.63412475585938,91.91000366210938
2025-11-13,31.3799991607666,407.03289794921875,305.7452697753906,85.82000732421875,90.62000274658203
2025-11-14,31.56999969482422,408.5069274902344,305.1985778808594,84.77999877929688,89.9000015258789
2025-11-17,30.530000686645508,402.9992370605469,303.0812683105469,83.69000244140625,88.4800033569336
2025-11-18,30.760000228881836,401.71441650390625,302.77313232421875,83.33000183105469,88.52999877929688
2025-11-19,31.0,398.0592346191406,300.93414306640625,83.68000030517578,86.08000183105469
2025-11-20,30.350000381469727,395.609130859375,302.345703125,82.62000274658203,83.68000030517578
2025-11-21,31.6299991607666,405.758056640625,307.5047302246094,85.3499984741211,87.62000274658203
2025-11-24,31.190000534057617,401.0471496582031,303.0812683105469,83.33999633789062,84.54000091552734
2025-11-25,33.400001525878906,415.9368591308594,308.5981750488281,85.91000366210938,86.58000183105469
2025-11-26,34.029998779296875,413.9150390625,310.5365295410156,86.69999694824219,89.80000305175781
2025-11-28,34.52000045776367,417.93878173828125,309.9599914550781,87.11000061035156,90.62000274658203
2025-12-01,34.2400016784668,422.1417541503906,303.57000732421875,84.91000366210938,91.36000061035156
2025-12-02,34.13999938964844,422.9285888671875,300.7200012207031,85.19999694824219,90.47000122070312
2025-12-03,33.93000030517578,429.9501647949219,307.7099914550781,87.11000061035156,90.91999816894531
2025-12-04,34.150001525878906,425.3487854003906,308.5400085449219,85.0,91.58999633789062
2025-12-05,33.939998626708984,414.8711853027344,311.2300109863281,85.12000274658203,92.19000244140625
2025-12-08,33.61000061035156,416.783447265625,309.7900085449219,83.41000366210938,93.05999755859375
2025-12-09,33.72999954223633,415.50860595703125,310.7900085449219,82.27999877929688,93.62000274658203
2025-12-10,33.939998626708984,417.1918029785156,310.5299987792969,83.8499984741211,94.62000274658203
2025-12-11,34.869998931884766,431.9222106933594,309.7099914550781,84.73999786376953,96.97000122070312
2025-12-12,36.13999938964844,429.9900207519531,316.7200012207031,85.3499984741211,97.08999633789062
2025-12-15,35.939998626708984,437.5,318.7300109863281,85.4000015258789,97.55999755859375
2025-12-16,35.65999984741211,433.8999938964844,314.5,85.08000183105469,97.66999816894531
2025-12-17,37.0,438.4200134277344,318.69000244140625,85.20999908447266,98.5999984741211
2025-12-18,37.630001068115234,431.3699951171875,319.6499938964844,89.41999816894531,99.05000305175781
2025-12-19,37.63999938964844,431.510009765625,315.8399963378906,88.33000183105469,98.01000213623047
2025-12-22,37.91999816894531,427.8900146484375,316.2200012207031,86.16999816894531,95.19999694824219
2025-12-23,37.790000915527344,426.17999267578125,310.8399963378906,83.86000061035156,94.30000305175781
2025-12-24,37.900001525878906,425.42999267578125,313.3299865722656,84.56999969482422,96.52999877929688
2025-12-26,37.810001373291016,425.55999755859375,310.67999267578125,85.08000183105469,99.55000305175781
2025-12-29,37.13999938964844,421.25,308.5299987792969,85.56999969482422,98.0999984741211
2025-12-30,37.040000915527344,421.9200134277344,308.0299987792969,85.25,97.43000030517578
2025-12-31,37.0,416.82000732421875,305.6300048828125,84.20999908447266,97.75
2026-01-02,37.4900016784668,425.2799987792969,303.260009765625,83.97000122070312,100.51000213623047
2026-01-05,38.25,411.44000244140625,299.8599853515625,86.55999755859375,102.0999984741211
2026-01-06,38.619998931884766,406.5,302.7699890136719,89.45999908447266,104.30000305175781
